Run, Event, px, py, pz, energy, pt, particleType
146436, 90626440, -0.313726, -8.06761, -3.03891, 8.62733, 8.07371, 3
146436, 90626440, 4.51285, -2.92767, 51.0691, 51.3516, 5.37932, 5
